{
  "val/roc_auc": 0.8265083420391193,
  "val/pr_auc": 0.5844245312059486,
  "val/accuracy": 0.7272727272727273,
  "val/f1": 0.6097560975609756,
  "val/precision": 0.4918032786885246,
  "val/recall": 0.8021390374331551,
  "test/roc_auc": 0.8522539977782944,
  "test/pr_auc": 0.676983833698207,
  "test/accuracy": 0.7544357700496807,
  "test/f1": 0.6319148936170211
}
